Agron Kabashi,nteba.xnonfuv@gerggba37.pbz,http://az810453.vo.msecnd.net/ninja-portrait/agron-kabashi-small
Alexander Klintström,nyrknaqre.xyvagfgebz@gerggba37.pbz,http://az810453.vo.msecnd.net/ninja-portrait/alexander-klintstrom-small
Alexandra Andersson,nyrknaqen.naqreffba@gerggba37.pbz,http://az810453.vo.msecnd.net/ninja-portrait/alexandra-andersson-small
Anastasiia Anastasis,nanfgnfvvn.nanfgnfvf@gerggba37.pbz,http://az810453.vo.msecnd.net/ninja-portrait/anastasiia-anastasis-small
Anders Ringqvist,naqref.evatdivfg@gerggba37.pbz,http://az810453.vo.msecnd.net/ninja-portrait/anders-ringqvist-small
Andreas Håkansson,naqernf.unxnaffba@gerggba37.pbz,http://az810453.vo.msecnd.net/ninja-portrait/andreas-hakansson-small
Andreas Nilsson,naqernf.avyffba@gerggba37.pbz,http://az810453.vo.msecnd.net/ninja-portrait/andreas-nilsson-small
Andreas Voigt,naqernf.ibvtg@gerggba37.pbz,http://az810453.vo.msecnd.net/ninja-portrait/andreas-voigt-small
Artem Konovalenkov,negrz.xbabinyraxbi@gerggba37.pbz,http://az810453.vo.msecnd.net/ninja-portrait/artem-konovalenkov-small
Balazs Gobel,onynmf.tbory@gerggba37.pbz,http://az810453.vo.msecnd.net/ninja-portrait/balazs-gobel-small
Balazs Suhajda,onynmf.fhunwqn@gerggba37.pbz,http://az810453.vo.msecnd.net/ninja-portrait/balazs-suhajda-small
Bartul Bonacic,oneghy.obanpvp@gerggba37.pbz,http://az810453.vo.msecnd.net/ninja-portrait/bartul-bonacic-small
Begum Deniz,orthz.qravm@gerggba37.pbz,http://az810453.vo.msecnd.net/ninja-portrait/begum-deniz-small
Bernardo Antunes,oreaneqb.nagharf@gerggba37.pbz,http://az810453.vo.msecnd.net/ninja-portrait/bernardo-antunes-small
Björn Gustafsson,owbea.thfgnsffba@gerggba37.pbz,http://az810453.vo.msecnd.net/ninja-portrait/bjorn-gustafsson-small
Björn Handell,owbea.unaqryy@gerggba37.pbz,http://az810453.vo.msecnd.net/ninja-portrait/bjorn-handell-small
Bojan Skrchevski,obwna.fxepurifxv@gerggba37.pbz,http://az810453.vo.msecnd.net/ninja-portrait/bojan-skrchevski-small
Christian Olsson,puevfgvna@gerggba37.pbz,http://az810453.vo.msecnd.net/ninja-portrait/christian-olsson-small
Christian Tallhamn,puevfgvna.gnyyunza@gerggba37.pbz,http://az810453.vo.msecnd.net/ninja-portrait/christian-tallhamn-small
Christoffer Vestin,puevfgbssre.irfgva@gerggba37.pbz,http://az810453.vo.msecnd.net/ninja-portrait/christoffer-vestin-small
Daniel Ignat,qnavry.vtang@gerggba37.pbz,http://az810453.vo.msecnd.net/ninja-portrait/daniel-ignat-small
Daniel Lager,qnavry.yntre@gerggba37.pbz,http://az810453.vo.msecnd.net/ninja-portrait/daniel-lager-small
Daniel Liljhammar,qnavry.yvywunzzne@gerggba37.pbz,http://az810453.vo.msecnd.net/ninja-portrait/daniel-liljhammar-small
Daniel Rosendal,qnavry.ebfraqny@gerggba37.pbz,http://az810453.vo.msecnd.net/ninja-portrait/daniel-rosendal-small
Deniz Yildirim,qravm@gerggba37.pbz,http://az810453.vo.msecnd.net/ninja-portrait/deniz-yildirim-small
Elin Paulsson,ryva.cnhyffba@gerggba37.pbz,http://az810453.vo.msecnd.net/ninja-portrait/elin-paulsson-small
Emil Giljam,rzvy@gerggba37.pbz,http://az810453.vo.msecnd.net/ninja-portrait/emil-giljam-small
Emy Spjuth,rzl.fcwhgu@gerggba37.pbz,http://az810453.vo.msecnd.net/ninja-portrait/emy-spjuth-small
Enrico Campidoglio,raevpb.pnzcvqbtyvb@gerggba37.pbz,http://az810453.vo.msecnd.net/ninja-portrait/enrico-campidoglio-small
Erik Forsberg,revx.sbeforet@gerggba37.pbz,http://az810453.vo.msecnd.net/ninja-portrait/erik-forsberg-small
Erik Juhlin,revx.whuyva@gerggba37.pbz,http://az810453.vo.msecnd.net/ninja-portrait/erik-juhlin-small
Erik Stoy,revx.fgbl@gerggba37.pbz,http://az810453.vo.msecnd.net/ninja-portrait/erik-stoy-small
Eugene Kovalov,rhtrar.xbinybi@gerggba37.pbz,http://az810453.vo.msecnd.net/ninja-portrait/eugene-kovalov-small
Frank Hennekens,senax.uraarxraf@gerggba37.pbz,http://az810453.vo.msecnd.net/ninja-portrait/frank-hennekens-small
Fredrik Forssén,serqevx.sbeffra@gerggba37.pbz,http://az810453.vo.msecnd.net/ninja-portrait/fredrik-forssen-small
Fredrik Källström,serqevx.xnyyfgebz@gerggba37.pbz,http://az810453.vo.msecnd.net/ninja-portrait/fredrik-kallstrom-small
Fredrik Leijon,serqevx.yrvwba@gerggba37.pbz,http://az810453.vo.msecnd.net/ninja-portrait/fredrik-leijon-small
Henrik Andersson,uraevx.naqreffba@gerggba37.pbz,http://az810453.vo.msecnd.net/ninja-portrait/henrik-andersson-small
Håkan Haraldsson,unxna.unenyqffba@gerggba37.pbz,http://az810453.vo.msecnd.net/ninja-portrait/hakan-haraldsson-small
Jesper Carlgren,wrfcre.pneytera@gerggba37.pbz,http://az810453.vo.msecnd.net/ninja-portrait/jesper-carlgren-small
Jim Kangerud,wvz@gerggba37.pbz,http://az810453.vo.msecnd.net/ninja-portrait/jim-kangerud-small
Joel Sannerstedt,wbry.fnaarefgrqg@gerggba37.pbz,http://az810453.vo.msecnd.net/ninja-portrait/joel-sannerstedt-small
Johan Bergens,wbuna.oretraf@gerggba37.pbz,http://az810453.vo.msecnd.net/ninja-portrait/johan-bergens-small
Johan Hyldentong,wbuna.ulyqragbat@gerggba37.pbz,http://az810453.vo.msecnd.net/ninja-portrait/johan-hyldentong-small
Johan Karlsson,wbuna.xneyffba@geggba37.pbz,http://az810453.vo.msecnd.net/ninja-portrait/johan-karlsson-small
Johan Lundborg,wbuna.yhaqobet@gerggba37.pbz,http://az810453.vo.msecnd.net/ninja-portrait/johan-lundborg-small
John Leidegren,wbua.yrvqrtera@gerggba37.pbz,http://az810453.vo.msecnd.net/ninja-portrait/john-leidegren-small
Justin Nel,whfgva.ary@gerggba37.pbz,http://az810453.vo.msecnd.net/ninja-portrait/justin-nel-small
Kalle Wallin,xnyyr.jnyyva@gerggba37.pbz,http://az810453.vo.msecnd.net/ninja-portrait/kalle-wallin-small
Karl Adriansson,xney.nqevnaffba@gerggba37.pbz,http://az810453.vo.msecnd.net/ninja-portrait/karl-adriansson-small
Karl-Henrik Nilsson,xney-uraevx.avyffba@gerggba37.pbz,http://az810453.vo.msecnd.net/ninja-portrait/karl-henrik-nilsson-small
Kristoffer Lind,xevfgbssre.yvaq@gerggba37.pbz,http://az810453.vo.msecnd.net/ninja-portrait/kristoffer-lind-small
Linus Feldt,yvahf.sryqg@gerggba37.pbz,http://az810453.vo.msecnd.net/ninja-portrait/linus-feldt-small
Linus Wijk,yvahf.jvwx@gerggba37.pbz,http://az810453.vo.msecnd.net/ninja-portrait/linus-wijk-small
Lotta Berg,ybggn.oret@gerggba37.pbz,http://az810453.vo.msecnd.net/ninja-portrait/lotta-berg-small
Madeleine Schönemann,znqryrvar.fpubarznaa@gerggba37.pbz,http://az810453.vo.msecnd.net/ninja-portrait/madeleine-schonemann-small
Magnus Ferm,zntahf.srez@gerggba37.pbz,http://az810453.vo.msecnd.net/ninja-portrait/magnus-ferm-small
Magnus Hansson,zntahf.unaffba@gerggba37.pbz,http://az810453.vo.msecnd.net/ninja-portrait/magnus-hansson-small
Magnus Nilsson,zntahf@gerggba37.pbz,http://az810453.vo.msecnd.net/ninja-portrait/magnus-nilsson-small
Magnus Sjöstrand,zntahf.fwbfgenaq@gerggba37.pbz,http://az810453.vo.msecnd.net/ninja-portrait/magnus-sjostrand-small
Marcus Malmgren,znephf.znyztera@gerggba37.pbz,http://az810453.vo.msecnd.net/ninja-portrait/marcus-malmgren-small
Marcus Mazur,znephf.znmhe@gerggba37.pbz,http://az810453.vo.msecnd.net/ninja-portrait/marcus-mazur-small
Martin Kristensen,znegva.xevfgrafra@gerggba37.pbz,http://az810453.vo.msecnd.net/ninja-portrait/martin-kristensen-small
Martin Mazur,znegva@gerggba37.pbz,http://az810453.vo.msecnd.net/ninja-portrait/martin-mazur-small
Martin Nilsson,znegva.avyffba@gerggba37.pbz,http://az810453.vo.msecnd.net/ninja-portrait/martin-nilsson-small
Martin Rosenqvist,znegva.ebfradivfg@gerggba37.pbz,http://az810453.vo.msecnd.net/ninja-portrait/martin-rosenqvist-small
Martin Thern,gurea@gerggba37.pbz,http://az810453.vo.msecnd.net/ninja-portrait/martin-thern-small
Matthias Hultberg,zngguvnf.uhygoret@gerggba37.pbz,http://az810453.vo.msecnd.net/ninja-portrait/matthias-hultberg-small
Michał Łusiak,zvpuny.yhfvnx@gerggba37.pbz,http://az810453.vo.msecnd.net/ninja-portrait/michal-lusiak-small
Mikael Brassman,zvxnry.oenffzna@gerggba37.pbz,http://az810453.vo.msecnd.net/ninja-portrait/mikael-brassman-small
Monica Anderberg,zbavpn.naqreoret@gerggba37.pbz,http://az810453.vo.msecnd.net/ninja-portrait/monica-anderberg-small
Natan Williams,angna.jvyyvnzf@gerggba37.pbz,http://az810453.vo.msecnd.net/ninja-portrait/natan-williams-small
Nathan Chere,anguna.purer@gerggba37.pbz,http://az810453.vo.msecnd.net/ninja-portrait/nathan-chere-small
Nejc Palir,arwp.cnyve@gerggba37.pbz,http://az810453.vo.msecnd.net/ninja-portrait/nejc-palir-small
Oskar Gewalli,bfxne.trjnyyv@gerggba37.pbz,http://az810453.vo.msecnd.net/ninja-portrait/oskar-gewalli-small
Oskar Hülphers,bfxne@gerggba37.pbz,http://az810453.vo.msecnd.net/ninja-portrait/oskar-hulphers-small
Otto Remse,bggb.erzfr@gerggba37.pbz,http://az810453.vo.msecnd.net/ninja-portrait/otto-remse-small
Per Dervall,cre.qreinyy@gerggba37.pbz,http://az810453.vo.msecnd.net/ninja-portrait/per-dervall-small
Per Westerlund,cre.jrfgreyhaq@gerggba37.pbz,http://az810453.vo.msecnd.net/ninja-portrait/per-westerlund-small
Per Ökvist,cre.bxivfg@gerggba37.pbz,http://az810453.vo.msecnd.net/ninja-portrait/per-okvist-small
Peter Ekerot,crgre.rxrebg@gerggba37.pbz,http://az810453.vo.msecnd.net/ninja-portrait/peter-ekerot-small
Peter Heiberg,crgre@gerggba37.pbz,http://az810453.vo.msecnd.net/ninja-portrait/peter-heiberg-small
Peter Kedemo,crgre.xrqrzb@gerggba37.pbz,http://az810453.vo.msecnd.net/ninja-portrait/peter-kedemo-small
Peter von Lochow,crgre.iba.ybpubj@gerggba37.pbz,http://az810453.vo.msecnd.net/ninja-portrait/peter-von-lochow-small
Roger Wilson,ebtre.jvyfba@gerggba37.pbz,http://az810453.vo.msecnd.net/ninja-portrait/roger-wilson-small
Sanjay Bhagia,fnawnl.ountvn@gerggba37.pbz,http://az810453.vo.msecnd.net/ninja-portrait/sanjay-bhagia-small
Sebastian Hallén,fronfgvna@gerggba37.pbz,http://az810453.vo.msecnd.net/ninja-portrait/sebastian-hallen-small
Sebastian Rosengren,fronfgvna.ebfratera@gerggba37.pbz,http://az810453.vo.msecnd.net/ninja-portrait/sebastian-rosengren-small
Sofia Samuelsson,fbsvn.fnzhryffba@gerggba37.pbz,http://az810453.vo.msecnd.net/ninja-portrait/sofia-samuelsson-small
Stefan Ekman,fgrsna.rxzna@gerggba37.pbz,http://az810453.vo.msecnd.net/ninja-portrait/stefan-ekman-small
Stefan Nilsson,fgrsna.avyffba@gerggba37.pbz,http://az810453.vo.msecnd.net/ninja-portrait/stefan-nilsson-small
Stefan Viberg,fgrsna.ivoret@gerggba37.pbz,http://az810453.vo.msecnd.net/ninja-portrait/stefan-viberg-small
Stellan Runander,fgryyna.ehanaqre@gerggba37.pbz,http://az810453.vo.msecnd.net/ninja-portrait/stellan-runander-small
Thomas Barge,gubznf.onetr@gerggba37.pbz,http://az810453.vo.msecnd.net/ninja-portrait/thomas-barge-small
Tobias Håkansson,gbovnf@gerggba37.pbz,http://az810453.vo.msecnd.net/ninja-portrait/tobias-hakansson-small
Tobias Nilsson,gbovnf.avyffba@gerggba37.pbz,http://az810453.vo.msecnd.net/ninja-portrait/tobias-nilsson-small
Vaibhav Singh,invouni.fvatu@gerggba37.pbz,http://az810453.vo.msecnd.net/ninja-portrait/vaibhav-singh-small
Victoria Holmqvist,ivpgbevn.ubyzdivfg@gerggba37.pbz,http://az810453.vo.msecnd.net/ninja-portrait/victoria-holmqvist-small
Zacharias Björngren,mnpunevnf.owbeatera@gerggba37.pbz,http://az810453.vo.msecnd.net/ninja-portrait/zacharias-bjorngren-small
Örjan Sjöholm,bewna.fwbubyz@gerggba37.pbz,http://az810453.vo.msecnd.net/ninja-portrait/orjan-sjoholm-small
